<application>
  <component name="VimSettings">
    <state version="4" enabled="true" />
    <globalmarks />
    <filemarks>
      <file name="C:/workspace/finance/finance-mbg/pom.xml" timestamp="1548090675343">
        <mark key="'" line="72" column="54" />
        <mark key="[" line="75" column="0" />
        <mark key="]" line="80" column="33" />
        <mark key="." line="81" column="0" />
      </file>
      <file name="C:/workspace/finance/finance-pe/src/main/java/com/jz/finance/service/impl/CompanyServiceImpl.java" timestamp="1549379188111">
        <mark key="'" line="30" column="0" />
        <mark key="[" line="17" column="0" />
        <mark key="]" line="17" column="0" />
        <mark key="." line="17" column="0" />
      </file>
      <file name="C:/workspace/finance/finance-pe/src/main/java/com/jz/finance/model/StockPriceExample.java" timestamp="1549467030779">
        <mark key="[" line="668" column="44" />
        <mark key="]" line="668" column="44" />
        <mark key="^" line="668" column="44" />
        <mark key="." line="668" column="44" />
      </file>
      <file name="C:/workspace/finance/finance-pe/src/main/java/com/jz/finance/service/impl/StockServiceImpl.java" timestamp="1549511368736">
        <mark key="[" line="12" column="0" />
        <mark key="]" line="13" column="7" />
        <mark key="." line="13" column="7" />
        <mark key="^" line="13" column="7" />
      </file>
      <file name="C:/workspace/finance/finance-pe/src/main/resources/application-dev.properties" timestamp="1548090984971">
        <mark key="[" line="1" column="0" />
        <mark key="]" line="1" column="101" />
        <mark key="." line="1" column="46" />
        <mark key="^" line="1" column="46" />
      </file>
      <file name="C:/workspace/finance/finance-pe/src/main/resources/application-prod.properties" timestamp="1548090989221">
        <mark key="[" line="1" column="0" />
        <mark key="]" line="1" column="0" />
        <mark key="^" line="3" column="38" />
        <mark key="." line="1" column="0" />
      </file>
      <file name="C:/workspace/finance/pom.xml" timestamp="1547973231774">
        <mark key="[" line="22" column="35" />
        <mark key="]" line="23" column="26" />
        <mark key="." line="23" column="26" />
        <mark key="^" line="23" column="26" />
      </file>
      <file name="C:/workspace/mall/mall-portal/src/main/resources/application.properties" timestamp="1549354299605">
        <mark key="[" line="3" column="0" />
        <mark key="]" line="5" column="17" />
        <mark key="." line="13" column="0" />
        <mark key="^" line="13" column="0" />
      </file>
      <file name="C:/workspace/finance/finance-pe/src/main/java/com/jz/finance/controller/CompanyController.java" timestamp="1549524921252">
        <mark key="[" line="16" column="20" />
        <mark key="]" line="16" column="20" />
        <mark key="." line="16" column="20" />
        <mark key="^" line="23" column="24" />
      </file>
      <file name="C:/workspace/finance/finance-mbg/src/main/resources/generatorConfig.xml" timestamp="1547993491039">
        <mark key="'" line="21" column="0" />
        <mark key="[" line="17" column="56" />
        <mark key="]" line="17" column="59" />
        <mark key="^" line="17" column="59" />
        <mark key="." line="17" column="59" />
      </file>
      <file name="C:/workspace/finance/finance-mbg/src/main/resources/generator.properties" timestamp="1547974162240">
        <mark key="[" line="3" column="13" />
        <mark key="]" line="1" column="57" />
        <mark key="." line="1" column="57" />
        <mark key="^" line="1" column="57" />
      </file>
      <file name="C:/workspace/finance/finance-pe/src/main/java/com/jz/finance/service/impl/FinanceServiceImpl.java" timestamp="1549527768519">
        <mark key="'" line="71" column="14" />
        <mark key="[" line="65" column="9" />
        <mark key="]" line="65" column="8" />
        <mark key="." line="65" column="8" />
        <mark key="^" line="65" column="8" />
      </file>
      <file name="C:/workspace/finance/finance-pe/src/main/resources/mapper/PeMapper.xml" timestamp="1549600756594">
        <mark key="'" line="166" column="54" />
      </file>
      <file name="C:/workspace/finance/finance-pe/src/main/java/com/jz/finance/mapper/StockPriceMapper.java" timestamp="1548001294917">
        <mark key="'" line="4" column="37" />
        <mark key="[" line="9" column="4" />
        <mark key="]" line="9" column="5" />
        <mark key="." line="9" column="5" />
      </file>
      <file name="C:/workspace/finance/finance-pe/src/main/java/com/jz/finance/service/IncomeProfitService.java" timestamp="1548862575585">
        <mark key="[" line="3" column="2" />
        <mark key="]" line="3" column="7" />
        <mark key="." line="3" column="7" />
        <mark key="^" line="3" column="7" />
      </file>
      <file name="C:/workspace/finance/finance-pe/src/main/java/com/jz/finance/service/EarningReportService.java" timestamp="1549380899796">
        <mark key="[" line="16" column="8" />
        <mark key="]" line="16" column="7" />
        <mark key="^" line="16" column="7" />
        <mark key="." line="16" column="7" />
      </file>
      <file name="C:/workspace/demo/src/main/java/com/jz/demo/Test.java" timestamp="1549523924397">
        <mark key="[" line="15" column="44" />
        <mark key="]" line="9" column="7" />
        <mark key="." line="9" column="7" />
        <mark key="^" line="9" column="7" />
      </file>
      <file name="C:/workspace/finance/finance-pe/src/main/resources/logback-spring.xml" timestamp="1548087344080">
        <mark key="'" line="24" column="0" />
        <mark key="[" line="23" column="0" />
        <mark key="]" line="23" column="0" />
        <mark key="^" line="6" column="46" />
        <mark key="." line="23" column="0" />
      </file>
      <file name="C:/workspace/finance/finance-pe/src/main/resources/application.properties" timestamp="1549379344923">
        <mark key="'" line="20" column="0" />
        <mark key="[" line="3" column="0" />
        <mark key="]" line="3" column="5" />
        <mark key="^" line="3" column="5" />
        <mark key="." line="3" column="5" />
      </file>
      <file name="C:/workspace/finance/finance-pe/src/main/java/com/jz/finance/config/Swagger2Config.java" timestamp="1549378803869">
        <mark key="'" line="20" column="19" />
        <mark key="[" line="30" column="24" />
        <mark key="]" line="31" column="43" />
        <mark key="." line="31" column="43" />
        <mark key="^" line="31" column="43" />
      </file>
      <file name="C:/workspace/demo/src/main/java/com/jz/demo/Hello.java" timestamp="1547964032816">
        <mark key="[" line="2" column="12" />
        <mark key="]" line="10" column="28" />
        <mark key="." line="10" column="28" />
        <mark key="^" line="10" column="28" />
      </file>
      <file name="C:/workspace/finance/finance-pe/src/main/java/com/jz/finance/FinancePEController.java" timestamp="1549354955954">
        <mark key="[" line="11" column="25" />
        <mark key="]" line="11" column="25" />
        <mark key="^" line="11" column="26" />
        <mark key="." line="11" column="25" />
      </file>
      <file name="C:/workspace/finance/finance-pe/src/main/java/com/jz/finance/model/PE.java" timestamp="1549600581699">
        <mark key="[" line="4" column="15" />
        <mark key="]" line="4" column="20" />
        <mark key="." line="4" column="20" />
        <mark key="^" line="4" column="20" />
      </file>
      <file name="C:/workspace/finance/finance-pe/pom.xml" timestamp="1549357824560">
        <mark key="'" line="49" column="24" />
        <mark key="[" line="47" column="0" />
        <mark key="]" line="57" column="21" />
        <mark key="." line="47" column="0" />
      </file>
      <file name="C:/workspace/finance/finance-pe/src/main/java/com/jz/finance/service/impl/EarningReportServiceImpl.java" timestamp="1549512279920">
        <mark key="[" line="23" column="19" />
        <mark key="]" line="23" column="28" />
        <mark key="^" line="23" column="28" />
        <mark key="." line="23" column="28" />
      </file>
      <file name="C:/workspace/finance/finance-pe/src/main/java/com/jz/finance/controller/FinanceController.java" timestamp="1549524910387">
        <mark key="[" line="19" column="20" />
        <mark key="]" line="19" column="20" />
        <mark key="^" line="19" column="56" />
        <mark key="." line="19" column="20" />
      </file>
      <file name="C:/workspace/finance/finance-pe/src/main/java/com/jz/finance/model/PEResult.java" timestamp="1549600695124">
        <mark key="[" line="8" column="13" />
        <mark key="]" line="8" column="18" />
        <mark key="^" line="8" column="18" />
        <mark key="." line="8" column="18" />
      </file>
      <file name="C:/workspace/finance/finance-pe/src/main/java/com/jz/finance/service/CompanyService.java" timestamp="1549379169726">
        <mark key="[" line="11" column="0" />
        <mark key="]" line="11" column="0" />
        <mark key="^" line="14" column="29" />
        <mark key="." line="11" column="0" />
      </file>
      <file name="C:/workspace/finance/finance-pe/src/main/java/com/jz/finance/service/FinanceService.java" timestamp="1549380843018">
        <mark key="[" line="18" column="7" />
        <mark key="]" line="18" column="10" />
        <mark key="^" line="18" column="10" />
        <mark key="." line="18" column="10" />
      </file>
      <file name="C:/workspace/finance/finance-pe/src/main/java/com/jz/finance/service/StockService.java" timestamp="1549511206643">
        <mark key="[" line="15" column="28" />
        <mark key="]" line="16" column="37" />
        <mark key="^" line="16" column="37" />
        <mark key="." line="16" column="37" />
      </file>
      <file name="C:/workspace/finance/finance-pe/src/main/java/com/jz/finance/model/IndustryExample.java" timestamp="1549464551650">
        <mark key="'" line="329" column="0" />
      </file>
      <file name="C:/workspace/finance/finance-pe/src/main/java/com/jz/finance/FinancePeApplication.java" timestamp="1549353944111">
        <mark key="'" line="9" column="51" />
        <mark key="[" line="8" column="21" />
        <mark key="]" line="8" column="27" />
        <mark key="." line="8" column="27" />
        <mark key="^" line="8" column="27" />
      </file>
      <file name="C:/workspace/finance/finance-pe/src/main/java/com/jz/finance/controller/FinancePEController.java" timestamp="1549509556408">
        <mark key="[" line="12" column="20" />
        <mark key="]" line="12" column="20" />
        <mark key="^" line="11" column="26" />
        <mark key="." line="12" column="20" />
      </file>
      <file name="/fragment.java" timestamp="1549600634781">
        <mark key="[" line="0" column="0" />
      </file>
    </filemarks>
    <jumps>
      <jump line="77" column="32" filename="C:/workspace/mall/mall-admin/pom.xml" />
      <jump line="141" column="0" filename="C:/workspace/mall/mall-admin/pom.xml" />
      <jump line="34" column="0" filename="C:/workspace/mall/mall-admin/src/main/resources/dao/OmsOrderDao.xml" />
      <jump line="92" column="8" filename="C:/workspace/mall/mall-admin/src/main/resources/dao/OmsOrderDao.xml" />
      <jump line="50" column="0" filename="C:/workspace/mall/mall-admin/pom.xml" />
      <jump line="96" column="24" filename="C:/workspace/mall/mall-admin/pom.xml" />
      <jump line="93" column="14" filename="C:/workspace/mall/mall-admin/pom.xml" />
      <jump line="35" column="24" filename="C:/workspace/finance/finance-pe/pom.xml" />
      <jump line="6" column="51" filename="C:/workspace/finance/finance-pe/src/main/java/com/jz/finance/FinancePeApplication.java" />
      <jump line="61" column="21" filename="C:/workspace/mall/mall-admin/pom.xml" />
      <jump line="91" column="42" filename="C:/workspace/mall/mall-portal/pom.xml" />
      <jump line="14" column="0" filename="C:/workspace/mall/mall-admin/src/main/resources/application.properties" />
      <jump line="98" column="0" filename="C:/workspace/finance/finance-pe/src/main/resources/mapper/EarningReportMapper.xml" />
      <jump line="53" column="13" filename="C:/workspace/finance/finance-pe/src/main/java/com/jz/finance/model/Company.java" />
      <jump line="3" column="28" filename="C:/workspace/finance/finance-pe/src/main/java/com/jz/finance/mapper/IndustryMapper.java" />
      <jump line="9" column="23" filename="C:/workspace/finance/finance-pe/src/main/java/com/jz/finance/mapper/IndustryMapper.java" />
      <jump line="11" column="24" filename="C:/workspace/finance/finance-pe/src/main/java/com/jz/finance/mapper/IndustryMapper.java" />
      <jump line="191" column="14" filename="C:/workspace/finance/finance-pe/src/main/resources/mapper/CompanyMapper.xml" />
      <jump line="92" column="20" filename="C:/workspace/finance/finance-pe/src/main/resources/mapper/CompanyMapper.xml" />
      <jump line="72" column="11" filename="C:/workspace/finance/finance-pe/src/main/resources/mapper/CompanyMapper.xml" />
      <jump line="81" column="20" filename="C:/workspace/finance/finance-pe/src/main/resources/mapper/CompanyMapper.xml" />
      <jump line="94" column="0" filename="C:/workspace/finance/finance-pe/src/main/resources/mapper/CompanyMapper.xml" />
      <jump line="16" column="47" filename="C:/workspace/finance/finance-pe/src/main/resources/mapper/CompanyMapper.xml" />
      <jump line="707" column="49" filename="C:/workspace/finance/finance-pe/src/main/java/com/jz/finance/model/CompanyExample.java" />
      <jump line="14" column="11" filename="C:/workspace/finance/finance-pe/src/main/resources/mapper/CompanyMapper.xml" />
      <jump line="84" column="22" filename="C:/workspace/finance/finance-pe/src/main/resources/mapper/CompanyMapper.xml" />
      <jump line="103" column="22" filename="C:/workspace/finance/finance-pe/src/main/resources/mapper/CompanyMapper.xml" />
      <jump line="178" column="22" filename="C:/workspace/finance/finance-pe/src/main/resources/mapper/CompanyMapper.xml" />
      <jump line="725" column="24" filename="C:/workspace/finance/finance-pe/src/main/java/com/jz/finance/model/CompanyExample.java" />
      <jump line="752" column="19" filename="C:/workspace/finance/finance-pe/src/main/java/com/jz/finance/model/CompanyExample.java" />
      <jump line="727" column="24" filename="C:/workspace/finance/finance-pe/src/main/java/com/jz/finance/model/CompanyExample.java" />
      <jump line="756" column="19" filename="C:/workspace/finance/finance-pe/src/main/java/com/jz/finance/model/CompanyExample.java" />
      <jump line="794" column="0" filename="C:/workspace/finance/finance-pe/src/main/java/com/jz/finance/model/CompanyExample.java" />
      <jump line="729" column="23" filename="C:/workspace/finance/finance-pe/src/main/java/com/jz/finance/model/CompanyExample.java" />
      <jump line="52" column="0" filename="C:/workspace/finance/finance-pe/src/main/resources/mapper/EarningReportMapper.xml" />
      <jump line="258" column="8" filename="C:/workspace/finance/finance-pe/src/main/resources/mapper/EarningReportMapper.xml" />
      <jump line="606" column="23" filename="C:/workspace/finance/finance-pe/src/main/java/com/jz/finance/model/EarningReportExample.java" />
      <jump line="623" column="19" filename="C:/workspace/finance/finance-pe/src/main/java/com/jz/finance/model/EarningReportExample.java" />
      <jump line="654" column="35" filename="C:/workspace/finance/finance-pe/src/main/java/com/jz/finance/model/EarningReportExample.java" />
      <jump line="658" column="17" filename="C:/workspace/finance/finance-pe/src/main/java/com/jz/finance/model/EarningReportExample.java" />
      <jump line="42" column="11" filename="C:/workspace/finance/finance-pe/src/main/resources/mapper/EarningReportMapper.xml" />
      <jump line="203" column="22" filename="C:/workspace/finance/finance-pe/src/main/resources/mapper/EarningReportMapper.xml" />
      <jump line="217" column="22" filename="C:/workspace/finance/finance-pe/src/main/resources/mapper/EarningReportMapper.xml" />
      <jump line="612" column="24" filename="C:/workspace/finance/finance-pe/src/main/java/com/jz/finance/model/EarningReportExample.java" />
      <jump line="635" column="19" filename="C:/workspace/finance/finance-pe/src/main/java/com/jz/finance/model/EarningReportExample.java" />
      <jump line="706" column="0" filename="C:/workspace/finance/finance-pe/src/main/java/com/jz/finance/model/CompanyExample.java" />
      <jump line="10" column="29" filename="C:/workspace/finance/finance-pe/src/main/java/com/jz/finance/model/CompanyExample.java" />
      <jump line="13" column="8" filename="C:/workspace/finance/finance-pe/src/main/java/com/jz/finance/model/CompanyExample.java" />
      <jump line="33" column="15" filename="C:/workspace/finance/finance-pe/src/main/java/com/jz/finance/model/CompanyExample.java" />
      <jump line="37" column="8" filename="C:/workspace/finance/finance-pe/src/main/java/com/jz/finance/model/CompanyExample.java" />
      <jump line="42" column="8" filename="C:/workspace/finance/finance-pe/src/main/java/com/jz/finance/model/CompanyExample.java" />
      <jump line="32" column="15" filename="C:/workspace/mall/mall-portal/src/main/java/com/macro/mall/portal/service/impl/MemberAttentionServiceImpl.java" />
      <jump line="37" column="15" filename="C:/workspace/mall/mall-portal/src/main/java/com/macro/mall/portal/service/impl/MemberAttentionServiceImpl.java" />
      <jump line="76" column="94" filename="C:/workspace/finance/finance-pe/src/main/resources/mapper/CompanyMapper.xml" />
      <jump line="90" column="76" filename="C:/workspace/finance/finance-pe/src/main/resources/mapper/CompanyMapper.xml" />
      <jump line="32" column="0" filename="C:/workspace/finance/finance-pe/src/main/resources/mapper/CompanyMapper.xml" />
      <jump line="3" column="17" filename="C:/workspace/finance/finance-pe/src/main/resources/mapper/CompanyMapper.xml" />
      <jump line="774" column="31" filename="C:/workspace/finance/finance-pe/src/main/java/com/jz/finance/model/CompanyExample.java" />
      <jump line="786" column="87" filename="C:/workspace/finance/finance-pe/src/main/java/com/jz/finance/model/CompanyExample.java" />
      <jump line="791" column="31" filename="C:/workspace/finance/finance-pe/src/main/java/com/jz/finance/model/CompanyExample.java" />
      <jump line="16" column="0" filename="C:/workspace/finance/finance-pe/src/main/resources/application.properties" />
      <jump line="33" column="0" filename="C:/workspace/mall/mall-admin/pom.xml" />
      <jump line="64" column="34" filename="C:/workspace/mall/mall-admin/pom.xml" />
      <jump line="67" column="34" filename="C:/workspace/mall/mall-admin/pom.xml" />
      <jump line="58" column="4" filename="C:/workspace/finance/finance-pe/pom.xml" />
      <jump line="63" column="29" filename="C:/workspace/finance/finance-pe/pom.xml" />
      <jump line="64" column="28" filename="C:/workspace/finance/finance-pe/pom.xml" />
      <jump line="5" column="21" filename="C:/workspace/finance/finance-pe/pom.xml" />
      <jump line="6" column="20" filename="C:/workspace/finance/finance-pe/pom.xml" />
      <jump line="22" column="25" filename="C:/workspace/finance/finance-pe/pom.xml" />
      <jump line="23" column="24" filename="C:/workspace/finance/finance-pe/pom.xml" />
      <jump line="26" column="25" filename="C:/workspace/finance/finance-pe/pom.xml" />
      <jump line="27" column="24" filename="C:/workspace/finance/finance-pe/pom.xml" />
      <jump line="31" column="33" filename="C:/workspace/finance/finance-pe/pom.xml" />
      <jump line="32" column="32" filename="C:/workspace/finance/finance-pe/pom.xml" />
      <jump line="38" column="30" filename="C:/workspace/finance/finance-pe/pom.xml" />
      <jump line="49" column="24" filename="C:/workspace/finance/finance-pe/pom.xml" />
      <jump line="28" column="20" filename="C:/workspace/finance/finance-pe/src/main/java/com/jz/finance/config/Swagger2Config.java" />
      <jump line="21" column="25" filename="C:/workspace/finance/finance-pe/src/main/java/com/jz/finance/config/Swagger2Config.java" />
      <jump line="20" column="19" filename="C:/workspace/finance/finance-pe/src/main/java/com/jz/finance/config/Swagger2Config.java" />
      <jump line="46" column="0" filename="C:/workspace/finance/finance-pe/src/main/java/com/jz/finance/service/impl/CompanyServiceImpl.java" />
      <jump line="45" column="0" filename="C:/workspace/finance/finance-pe/src/main/java/com/jz/finance/service/impl/CompanyServiceImpl.java" />
      <jump line="15" column="44" filename="C:/workspace/finance/finance-pe/src/main/java/com/jz/finance/service/impl/FinanceServiceImpl.java" />
      <jump line="7" column="27" filename="C:/workspace/finance/finance-pe/src/main/java/com/jz/finance/model/PE.java" />
      <jump line="50" column="8" filename="C:/workspace/finance/finance-pe/src/main/java/com/jz/finance/model/IndustryExample.java" />
      <jump line="320" column="0" filename="C:/workspace/finance/finance-pe/src/main/java/com/jz/finance/model/IndustryExample.java" />
      <jump line="319" column="0" filename="C:/workspace/finance/finance-pe/src/main/java/com/jz/finance/model/IndustryExample.java" />
      <jump line="327" column="0" filename="C:/workspace/finance/finance-pe/src/main/java/com/jz/finance/model/IndustryExample.java" />
      <jump line="2" column="0" filename="C:/workspace/finance/finance-pe/src/main/java/com/jz/finance/model/IndustryExample.java" />
      <jump line="4" column="0" filename="C:/workspace/finance/finance-pe/src/main/java/com/jz/finance/model/IndustryExample.java" />
      <jump line="329" column="0" filename="C:/workspace/finance/finance-pe/src/main/java/com/jz/finance/model/IndustryExample.java" />
      <jump line="22" column="0" filename="C:/workspace/finance/finance-pe/src/main/java/com/jz/finance/service/impl/FinanceServiceImpl.java" />
      <jump line="36" column="8" filename="C:/workspace/finance/finance-pe/src/main/java/com/jz/finance/service/impl/FinanceServiceImpl.java" />
      <jump line="4" column="52" filename="C:/workspace/finance/finance-pe/src/main/java/com/jz/finance/service/impl/StockServiceImpl.java" />
      <jump line="60" column="4" filename="C:/workspace/finance/finance-pe/src/main/java/com/jz/finance/service/impl/FinanceServiceImpl.java" />
      <jump line="34" column="62" filename="C:/workspace/finance/finance-pe/src/main/java/com/jz/finance/service/impl/FinanceServiceImpl.java" />
      <jump line="42" column="12" filename="C:/workspace/finance/finance-pe/src/main/java/com/jz/finance/service/impl/FinanceServiceImpl.java" />
      <jump line="54" column="14" filename="C:/workspace/finance/finance-pe/src/main/java/com/jz/finance/service/impl/FinanceServiceImpl.java" />
      <jump line="14" column="0" filename="C:/workspace/finance/finance-pe/src/main/resources/mapper/PeMapper.xml" />
      <jump line="166" column="54" filename="C:/workspace/finance/finance-pe/src/main/resources/mapper/PeMapper.xml" />
    </jumps>
    <registers>
      <register name="&quot;" type="4">
        <text encoding="base64">IA==</text>
      </register>
      <register name="-" type="4">
        <text encoding="base64">IA==</text>
      </register>
      <register name="/" type="4">
        <text encoding="base64">XDxhcGlJbmZvXD4=</text>
      </register>
      <register name="0" type="2">
        <text encoding="base64">ICAgICAgICBMaXN0PFBFPiBQRXMgPSBuZXcgQXJyYXlMaXN0PFBFPigpOwogICAgICAgIFNpbXBsZURhdGVGb3JtYXQgc2RGb3JtYXQgPSBuZXcgU2ltcGxlRGF0ZUZvcm1hdCgieXl5eS1NTS1kZCIpOwo=</text>
      </register>
      <register name="1" type="2">
        <text encoding="base64">ICAgICAgICAgICAgICAgIAo=</text>
      </register>
      <register name="2" type="2">
        <text encoding="base64">ICAgICAgICAgICAgUEVzLmFkZChuZXcgUEUoc3VtIC8gUEVzTGlzdC5zaXplKCksIGtleSkpOwo=</text>
      </register>
      <register name="3" type="2">
        <text encoding="base64">ICAgICAgICAgICAgaWYoUEVzTGlzdC5zaXplKCkgIT0gMCl7CiAgICAgICAgICAgICAgICAK</text>
      </register>
      <register name="4" type="2">
        <text encoding="base64">ICAgICAgICAgICAgUEVzLmFkZChuZXcgUEUoc3VtIC8gUEVzTGlzdC5zaXplKCksIGtleSkpOwo=</text>
      </register>
      <register name="5" type="2">
        <text encoding="base64">ICAgICAgICByZXR1cm4gbnVsbDsK</text>
      </register>
      <register name="6" type="2">
        <text encoding="base64">ICAgICAgICAgICAgcmV0dXJuIFBFczsK</text>
      </register>
      <register name="7" type="2">
        <text encoding="base64">ICAgIH0K</text>
      </register>
      <register name="8" type="2">
        <text encoding="base64">ICAgIH0K</text>
      </register>
      <register name="9" type="2">
        <text encoding="base64">ICAgIH0K</text>
      </register>
      <register name=":" type="4">
        <text>w</text>
      </register>
    </registers>
    <search>
      <last-search encoding="base64">XDxhcGlJbmZvXD4=</last-search>
      <last-offset />
      <last-pattern encoding="base64">XDxhcGlJbmZvXD4=</last-pattern>
      <last-dir>1</last-dir>
      <show-last>false</show-last>
    </search>
    <history>
      <history-search>
        <entry>crite</entry>
        <entry encoding="base64">XDxFeGFtcGxlX1doZXJlX0NsYXVzZVw+</entry>
        <entry encoding="base64">XDxiZXR3ZWVuVmFsdWVcPg==</entry>
        <entry encoding="base64">XDxsaXN0VmFsdWVcPg==</entry>
        <entry encoding="base64">XDxjb25kaXRpb25cPg==</entry>
        <entry encoding="base64">XDxVcGRhdGVfQnlfRXhhbXBsZV9XaGVyZV9DbGF1c2VcPg==</entry>
        <entry encoding="base64">XDxub1ZhbHVlXD4=</entry>
        <entry encoding="base64">XDxvcmVkQ3JpdGVyaWFcPg==</entry>
        <entry encoding="base64">XDxtZW1iZXJCcmFuZEF0dGVudGlvblJlcG9zaXRvcnlcPg==</entry>
        <entry>cri</entry>
        <entry>criteri</entry>
        <entry>BaseResultMap</entry>
        <entry encoding="base64">XDxCYXNlUmVzdWx0TWFwXD4=</entry>
        <entry encoding="base64">XDx0eXBlSGFuZGxlclw+</entry>
        <entry>swagger</entry>
        <entry>control</entry>
        <entry>controll</entry>
        <entry>spring</entry>
        <entry>java</entry>
        <entry encoding="base64">XDxhcGlJbmZvXD4=</entry>
      </history-search>
      <history-cmd>
        <entry>wc</entry>
        <entry>q</entry>
        <entry>wq</entry>
        <entry>e</entry>
        <entry encoding="base64">JzwsJz53</entry>
        <entry>we</entry>
        <entry>W</entry>
        <entry>w</entry>
      </history-cmd>
      <history-expr />
      <history-input />
    </history>
    <shortcut-conflicts>
      <shortcut-conflict owner="vim">
        <text>ctrl pressed G</text>
      </shortcut-conflict>
      <shortcut-conflict owner="vim">
        <text>ctrl pressed M</text>
      </shortcut-conflict>
      <shortcut-conflict owner="vim">
        <text>ctrl pressed F</text>
      </shortcut-conflict>
      <shortcut-conflict owner="vim">
        <text>ctrl pressed E</text>
      </shortcut-conflict>
      <shortcut-conflict owner="vim">
        <text>ctrl pressed O</text>
      </shortcut-conflict>
      <shortcut-conflict owner="vim">
        <text>ctrl pressed S</text>
      </shortcut-conflict>
      <shortcut-conflict owner="vim">
        <text>ctrl pressed C</text>
      </shortcut-conflict>
      <shortcut-conflict owner="vim">
        <text>ctrl pressed V</text>
      </shortcut-conflict>
      <shortcut-conflict owner="vim">
        <text>ctrl pressed B</text>
      </shortcut-conflict>
      <shortcut-conflict owner="ide">
        <text>ctrl pressed I</text>
      </shortcut-conflict>
      <shortcut-conflict owner="vim">
        <text>ctrl pressed N</text>
      </shortcut-conflict>
    </shortcut-conflicts>
  </component>
</application>